{
    "loss": 0.18681815266609192,
    "accuracy": 0.9482758641242981
}