{
    "loss": 0.3125070035457611,
    "accuracy": 0.8965517282485962
}